Map,RRT* Time,I-RRT* Time,RRT* Cost,I-RRT* Cost
1,25.819120168685913,31.246122121810913,351.0710526159414,286.703855693011
2,25.436098098754883,37.52369046211243,307.2973582671199,293.99667907892314
3,14.024036884307861,32.358800649642944,311.0977226131961,287.86187249235496
4,14.785279750823975,50.8205828666687,310.3556893796081,283.8572460387256
5,23.621765613555908,115.16434907913208,338.4455108089728,283.97409349165616
